{
  "code": 200,
  "status": "Ok",
  "copyright": "© 2022 MARVEL",
  "attributionText": "Data provided by Marvel. © 2022 MARVEL",
  "attributionHTML": "<a href=\"http://marvel.com\">Data provided by Marvel. © 2022 MARVEL</a>",
  "etag": "a764363ae96152e676adfd6bb3bffa256e346324",
  "data": {
    "offset": 11,
    "limit": 11,
    "total": 21,
    "count": 11,
    "results": [
      {
        "id": 1011114,
        "name": "Spider-Man (Marvel Zombies)",
        "description": "Zombie Spider-Man ate his own wife and aunt, the only two people left in the world who truly loved him.",
        "modified": "2014-03-05T13:53:01-0500",
        "thumbnail": {
          "path": "http://i.annihil.us/u/prod/marvel/i/mg/3/00/531772716d0ac",
          "extension": "jpg"
        },
        "resourceURI": "http://gateway.marvel.com/v1/public/characters/1011114",
        "comics": {
          "available": 8,
          "collectionURI": "http://gateway.marvel.com/v1/public/characters/1011114/comics",
          "items": [
            {
              "resourceURI": "http://gateway.marvel.com/v1/public/comics/3220",
              "name": "Marvel Zombies (2005) #1"
            },
            {
              "resourceURI": "http://gateway.marvel.com/v1/public/comics/16547",
              "name": "Marvel Zombies 2 (2007) #1"
            },
            {
              "resourceURI": "http://gateway.marvel.com/v1/public/comics/17262",
              "name": "Marvel Zombies 2 (2007) #2"
            },
            {
              "resourceURI": "http://gateway.marvel.com/v1/public/comics/17399",
              "name": "Marvel Zombies 2 (2007) #3"
            },
            {
              "resourceURI": "http://gateway.marvel.com/v1/public/comics/17640",
              "name": "Marvel Zombies 2 (2007) #4"
            },
            {
              "resourceURI": "http://gateway.marvel.com/v1/public/comics/20680",
              "name": "Marvel Zombies 2 (2007) #5"
            },
            {
              "resourceURI": "http://gateway.marvel.com/v1/public/comics/4812",
              "name": "Marvel Zombies (Hardcover)"
            },
            {
              "resourceURI": "http://gateway.marvel.com/v1/public/comics/22259",
              "name": "Amazing Spider-Man (1999) #573 (ZOMBIE VARIANT (1 FOR 10))"
            }
          ],
          "returned": 8
        },
        "series": {
          "available": 4,
          "collectionURI": "http://gateway.marvel.com/v1/public/characters/1011114/series",
          "items": [
            {
              "resourceURI": "http://gateway.marvel.com/v1/public/series/454",
              "name": "Amazing Spider-Man (1999 - 2013)"
            },
            {
              "resourceURI": "http://gateway.marvel.com/v1/public/series/998",
              "name": "Marvel Zombies (2005 - 2006)"
            },
            {
              "resourceURI": "http://gateway.marvel.com/v1/public/series/1787",
              "name": "Marvel Zombies (2006)"
            },
            {
              "resourceURI": "http://gateway.marvel.com/v1/public/series/2844",
              "name": "Marvel Zombies 2 (2007 - 2008)"
            }
          ],
          "returned": 4
        },
        "stories": {
          "available": 8,
          "collectionURI": "http://gateway.marvel.com/v1/public/characters/1011114/stories",
          "items": [
            {
              "resourceURI": "http://gateway.marvel.com/v1/public/stories/5633",
              "name": "1 of 5 xLS",
              "type": "interiorStory"
            },
            {
              "resourceURI": "http://gateway.marvel.com/v1/public/stories/33369",
              "name": "Marvel Zombies 2 (2007) #1",
              "type": "cover"
            },
            {
              "resourceURI": "http://gateway.marvel.com/v1/public/stories/36472",
              "name": "3 of 5 - 5XLS",
              "type": "cover"
            },
            {
              "resourceURI": "http://gateway.marvel.com/v1/public/stories/36910",
              "name": "4 of 5 - 5XLS",
              "type": "cover"
            },
            {
              "resourceURI": "http://gateway.marvel.com/v1/public/stories/44345",
              "name": "5 of 5 - 5XLS",
              "type": "cover"
            },
            {
              "resourceURI": "http://gateway.marvel.com/v1/public/stories/49022",
              "name": "New Ways to Die 6 of 6",
              "type": "cover"
            },
            {
              "resourceURI": "http://gateway.marvel.com/v1/public/stories/65591",
              "name": "Marvel Zombies (2005) #1",
              "type": "cover"
            },
            {
              "resourceURI": "http://gateway.marvel.com/v1/public/stories/67639",
              "name": "MARVEL ZOMBIES 2 2 cover",
              "type": "cover"
            }
          ],
          "returned": 8
        },
        "events": {
          "available": 0,
          "collectionURI": "http://gateway.marvel.com/v1/public/characters/1011114/events",
          "items": [],
          "returned": 0
        },
        "urls": [
          {
            "type": "detail",
            "url": "http://marvel.com/characters/54/spider-man?utm_campaign=apiRef&utm_source=6b9027442105cbeb1f7fcc26400eec8f"
          },
          {
            "type": "wiki",
            "url": "http://marvel.com/universe/Spider-Man_%28Marvel_Zombies%29?utm_campaign=apiRef&utm_source=6b9027442105cbeb1f7fcc26400eec8f"
          },
          {
            "type": "comiclink",
            "url": "http://marvel.com/comics/characters/1011114/spider-man_marvel_zombies?utm_campaign=apiRef&utm_source=6b9027442105cbeb1f7fcc26400eec8f"
          }
        ]
      },
      {
        "id": 1017305,
        "name": "Spider-Man (Marvel: Avengers Alliance)",
        "description": "",
        "modified": "2013-09-18T10:16:10-0400",
        "thumbnail": {
          "path": "http://i.annihil.us/u/prod/marvel/i/mg/9/03/5239b59f49020",
          "extension": "jpg"
        },
        "resourceURI": "http://gateway.marvel.com/v1/public/characters/1017305",
        "comics": {
          "available": 0,
          "collectionURI": "http://gateway.marvel.com/v1/public/characters/1017305/comics",
          "items": [],
          "returned": 0
        },
        "series": {
          "available": 0,
          "collectionURI": "http://gateway.marvel.com/v1/public/characters/1017305/series",
          "items": [],
          "returned": 0
        },
        "stories": {
          "available": 0,
          "collectionURI": "http://gateway.marvel.com/v1/public/characters/1017305/stories",
          "items": [],
          "returned": 0
        },
        "events": {
          "available": 0,
          "collectionURI": "http://gateway.marvel.com/v1/public/characters/1017305/events",
          "items": [],
          "returned": 0
        },
        "urls": [
          {
            "type": "detail",
            "url": "http://marvel.com/characters/54/spider-man?utm_campaign=apiRef&utm_source=6b9027442105cbeb1f7fcc26400eec8f"
          },
          {
            "type": "comiclink",
            "url": "http://marvel.com/comics/characters/1017305/spider-man_marvel_avengers_alliance?utm_campaign=apiRef&utm_source=6b9027442105cbeb1f7fcc26400eec8f"
          }
        ]
      },
      {
        "id": 1016181,
        "name": "Spider-Man (Miles Morales)",
        "description": "Teenager Miles Morales grew up in Brooklyn, New York. Recently, Miles took on the controversial and pressured role of Spider-Man shortly after the death of the original. Morales made his debut against The Kangaroo, much to the surprise and disapproval of many present at the confrontation.",
        "modified": "2016-02-11T10:01:29-0500",
        "thumbnail": {
          "path": "http://i.annihil.us/u/prod/marvel/i/mg/f/50/537bcfa1eed73",
          "extension": "jpg"
        },
        "resourceURI": "http://gateway.marvel.com/v1/public/characters/1016181",
        "comics": {
          "available": 334,
          "collectionURI": "http://gateway.marvel.com/v1/public/characters/1016181/comics",
          "items": [
            {
              "resourceURI": "http://gateway.marvel.com/v1/public/comics/58636",
              "name": "Marvel New Year's Eve Special Infinite Comic (2017) #1"
            },
            {
              "resourceURI": "http://gateway.marvel.com/v1/public/comics/76014",
              "name": "Absolute Carnage (2019) #2"
            },
            {
              "resourceURI": "http://gateway.marvel.com/v1/public/comics/77064",
              "name": "Absolute Carnage: Miles Morales (2019) #1"
            },
            {
              "resourceURI": "http://gateway.marvel.com/v1/public/comics/77065",
              "name": "Absolute Carnage: Miles Morales (2019) #2"
            },
            {
              "resourceURI": "http://gateway.marvel.com/v1/public/comics/77066",
              "name": "Absolute Carnage: Miles Morales (2019) #3"
            },
            {
              "resourceURI": "http://gateway.marvel.com/v1/public/comics/49267",
              "name": "All-New Ultimates (2014) #11"
            },
            {
              "resourceURI": "http://gateway.marvel.com/v1/public/comics/49268",
              "name": "All-New Ultimates (2014) #12"
            },
            {
              "resourceURI": "http://gateway.marvel.com/v1/public/comics/55351",
              "name": "All-New, All-Different Avengers (2015) #1"
            },
            {
              "resourceURI": "http://gateway.marvel.com/v1/public/comics/55354",
              "name": "All-New, All-Different Avengers (2015) #2"
            },
            {
              "resourceURI": "http://gateway.marvel.com/v1/public/comics/55356",
              "name": "All-New, All-Different Avengers (2015) #3"
            },
            {
              "resourceURI": "http://gateway.marvel.com/v1/public/comics/55357",
              "name": "All-New, All-Different Avengers (2015) #4"
            },
            {
              "resourceURI": "http://gateway.marvel.com/v1/public/comics/55358",
              "name": "All-New, All-Different Avengers (2015) #5"
            },
            {
              "resourceURI": "http://gateway.marvel.com/v1/public/comics/55359",
              "name": "All-New, All-Different Avengers (2015) #6"
            },
            {
              "resourceURI": "http://gateway.marvel.com/v1/public/comics/55360",
              "name": "All-New, All-Different Avengers (2015) #7"
            },
            {
              "resourceURI": "http://gateway.marvel.com/v1/public/comics/55361",
              "name": "All-New, All-Different Avengers (2015) #8"
            },
            {
              "resourceURI": "http://gateway.marvel.com/v1/public/comics/55362",
              "name": "All-New, All-Different Avengers (2015) #9"
            },
            {
              "resourceURI": "http://gateway.marvel.com/v1/public/comics/55363",
              "name": "All-New, All-Different Avengers (2015) #10"
            },
            {
              "resourceURI": "http://gateway.marvel.com/v1/public/comics/55364",
              "name": "All-New, All-Different Avengers (2015) #11"
            },
            {
              "resourceURI": "http://gateway.marvel.com/v1/public/comics/55365",
              "name": "All-New, All-Different Avengers (2015) #12"
            },
            {
              "resourceURI": "http://gateway.marvel.com/v1/public/comics/60276",
              "name": "All-New, All-Different Avengers Annual (2016) #1"
            }
          ],
          "returned": 20
        },
        "series": {
          "available": 98,
          "collectionURI": "http://gateway.marvel.com/v1/public/characters/1016181/series",
          "items": [
            {
              "resourceURI": "http://gateway.marvel.com/v1/public/series/27272",
              "name": "Absolute Carnage (2019)"
            },
            {
              "resourceURI": "http://gateway.marvel.com/v1/public/series/27634",
              "name": "Absolute Carnage: Miles Morales (2019)"
            },
            {
              "resourceURI": "http://gateway.marvel.com/v1/public/series/18524",
              "name": "All-New Ultimates (2014 - 2015)"
            },
            {
              "resourceURI": "http://gateway.marvel.com/v1/public/series/20443",
              "name": "All-New, All-Different Avengers (2015 - 2016)"
            },
            {
              "resourceURI": "http://gateway.marvel.com/v1/public/series/22190",
              "name": "All-New, All-Different Avengers Annual (2016)"
            },
            {
              "resourceURI": "http://gateway.marvel.com/v1/public/series/22374",
              "name": "ALL-NEW, ALL-DIFFERENT AVENGERS HC (2017)"
            },
            {
              "resourceURI": "http://gateway.marvel.com/v1/public/series/31209",
              "name": "Amazing Spider-Man: The Sins of Norman Osborn (2020)"
            },
            {
              "resourceURI": "http://gateway.marvel.com/v1/public/series/23446",
              "name": "Amazing Spider-Man: Worldwide Vol. 2 (2017)"
            },
            {
              "resourceURI": "http://gateway.marvel.com/v1/public/series/22547",
              "name": "Avengers (2016 - 2018)"
            },
            {
              "resourceURI": "http://gateway.marvel.com/v1/public/series/35501",
              "name": "Avengers & Moon Girl (2022)"
            },
            {
              "resourceURI": "http://gateway.marvel.com/v1/public/series/24291",
              "name": "Black Panther (2018 - 2021)"
            },
            {
              "resourceURI": "http://gateway.marvel.com/v1/public/series/21098",
              "name": "Captain America: Steve Rogers (2016 - 2017)"
            },
            {
              "resourceURI": "http://gateway.marvel.com/v1/public/series/18322",
              "name": "Cataclysm: The Ultimates' Last Stand (2013 - 2014)"
            },
            {
              "resourceURI": "http://gateway.marvel.com/v1/public/series/18325",
              "name": "Cataclysm: Ultimate Spider-Man (2013 - 2014)"
            },
            {
              "resourceURI": "http://gateway.marvel.com/v1/public/series/29034",
              "name": "Champions (2020)"
            },
            {
              "resourceURI": "http://gateway.marvel.com/v1/public/series/26592",
              "name": "Champions (2019 - Present)"
            },
            {
              "resourceURI": "http://gateway.marvel.com/v1/public/series/22552",
              "name": "Champions (2016 - 2019)"
            },
            {
              "resourceURI": "http://gateway.marvel.com/v1/public/series/22755",
              "name": "CHAMPIONS VOL. 1: CHANGE THE WORLD TPB (2017)"
            },
            {
              "resourceURI": "http://gateway.marvel.com/v1/public/series/22756",
              "name": "CHAMPIONS VOL. 2: THE FREELANCER LIFESTYLE TPB (2017)"
            },
            {
              "resourceURI": "http://gateway.marvel.com/v1/public/series/21417",
              "name": "Civil War II (2016)"
            }
          ],
          "returned": 20
        },
        "stories": {
          "available": 346,
          "collectionURI": "http://gateway.marvel.com/v1/public/characters/1016181/stories",
          "items": [
            {
              "resourceURI": "http://gateway.marvel.com/v1/public/stories/61155",
              "name": "Interior #61155",
              "type": "interiorStory"
            },
            {
              "resourceURI": "http://gateway.marvel.com/v1/public/stories/90691",
              "name": "Cover #90691",
              "type": "cover"
            },
            {
              "resourceURI": "http://gateway.marvel.com/v1/public/stories/92340",
              "name": "ULTIMATE COMICS SPIDER-MAN (2011) #14",
              "type": "cover"
            },
            {
              "resourceURI": "http://gateway.marvel.com/v1/public/stories/92342",
              "name": "ULTIMATE COMICS SPIDER-MAN (2011) #15",
              "type": "cover"
            },
            {
              "resourceURI": "http://gateway.marvel.com/v1/public/stories/92344",
              "name": "ULTIMATE COMICS SPIDER-MAN (2011) #14",
              "type": "cover"
            },
            {
              "resourceURI": "http://gateway.marvel.com/v1/public/stories/92346",
              "name": "ULTIMATE COMICS SPIDER-MAN (2011) #18",
              "type": "cover"
            },
            {
              "resourceURI": "http://gateway.marvel.com/v1/public/stories/92348",
              "name": "ULTIMATE COMICS SPIDER-MAN (2011) #17",
              "type": "cover"
            },
            {
              "resourceURI": "http://gateway.marvel.com/v1/public/stories/92350",
              "name": "ULTIMATE COMICS SPIDER-MAN (2011) #16",
              "type": "cover"
            },
            {
              "resourceURI": "http://gateway.marvel.com/v1/public/stories/93123",
              "name": "ULTIMATE COMICS SPIDER-MAN (2011) #20",
              "type": "cover"
            },
            {
              "resourceURI": "http://gateway.marvel.com/v1/public/stories/93125",
              "name": "ULTIMATE COMICS SPIDER-MAN (2011) #19",
              "type": "cover"
            },
            {
              "resourceURI": "http://gateway.marvel.com/v1/public/stories/93618",
              "name": "Ultimate Comics Spider-Man (2011) #1",
              "type": "interiorStory"
            },
            {
              "resourceURI": "http://gateway.marvel.com/v1/public/stories/94126",
              "name": "Ultimate Comics Spider-Man (2011) #3",
              "type": "cover"
            },
            {
              "resourceURI": "http://gateway.marvel.com/v1/public/stories/94415",
              "name": "ULTIMATE COMICS SPIDER-MAN (2011) #4",
              "type": "cover"
            },
            {
              "resourceURI": "http://gateway.marvel.com/v1/public/stories/94648",
              "name": "ULTIMATE COMICS SPIDER-MAN (2011) #1",
              "type": "cover"
            },
            {
              "resourceURI": "http://gateway.marvel.com/v1/public/stories/94651",
              "name": "Cover #94651",
              "type": "cover"
            },
            {
              "resourceURI": "http://gateway.marvel.com/v1/public/stories/94776",
              "name": "ULTIMATE COMICS SPIDER-MAN (2011) #5",
              "type": "cover"
            },
            {
              "resourceURI": "http://gateway.marvel.com/v1/public/stories/94780",
              "name": "ULTIMATE COMICS SPIDER-MAN (2011) #2",
              "type": "cover"
            },
            {
              "resourceURI": "http://gateway.marvel.com/v1/public/stories/95141",
              "name": "ULTIMATE COMICS THE ULTIMATES #6 story",
              "type": "interiorStory"
            },
            {
              "resourceURI": "http://gateway.marvel.com/v1/public/stories/95279",
              "name": "Ultimate Comics Spider-Man (2011) #4 - Int",
              "type": "interiorStory"
            },
            {
              "resourceURI": "http://gateway.marvel.com/v1/public/stories/95547",
              "name": "ULTIMATE COMICS SPIDER-MAN (2011) #7",
              "type": "cover"
            }
          ],
          "returned": 20
        },
        "events": {
          "available": 2,
          "collectionURI": "http://gateway.marvel.com/v1/public/characters/1016181/events",
          "items": [
            {
              "resourceURI": "http://gateway.marvel.com/v1/public/events/336",
              "name": "Secret Empire"
            },
            {
              "resourceURI": "http://gateway.marvel.com/v1/public/events/321",
              "name": "Spider-Verse"
            }
          ],
          "returned": 2
        },
        "urls": [
          {
            "type": "detail",
            "url": "http://marvel.com/comics/characters/1016181/spider-man_miles_morales?utm_campaign=apiRef&utm_source=6b9027442105cbeb1f7fcc26400eec8f"
          },
          {
            "type": "wiki",
            "url": "http://marvel.com/universe/Morales,_Miles?utm_campaign=apiRef&utm_source=6b9027442105cbeb1f7fcc26400eec8f"
          },
          {
            "type": "comiclink",
            "url": "http://marvel.com/comics/characters/1016181/spider-man_miles_morales?utm_campaign=apiRef&utm_source=6b9027442105cbeb1f7fcc26400eec8f"
          }
        ]
      },
      {
        "id": 1012295,
        "name": "Spider-Man (Noir)",
        "description": "",
        "modified": "2015-03-26T13:33:16-0400",
        "thumbnail": {
          "path": "http://i.annihil.us/u/prod/marvel/i/mg/6/40/531771a14fcf6",
          "extension": "jpg"
        },
        "resourceURI": "http://gateway.marvel.com/v1/public/characters/1012295",
        "comics": {
          "available": 16,
          "collectionURI": "http://gateway.marvel.com/v1/public/characters/1012295/comics",
          "items": [
            {
              "resourceURI": "http://gateway.marvel.com/v1/public/comics/71521",
              "name": "Marvel Universe Ultimate Spider-Man: Spider-Verse (2018) #3"
            },
            {
              "resourceURI": "http://gateway.marvel.com/v1/public/comics/82516",
              "name": "Spider-Man Noir (2020) #1"
            },
            {
              "resourceURI": "http://gateway.marvel.com/v1/public/comics/82517",
              "name": "Spider-Man Noir (2020) #2"
            },
            {
              "resourceURI": "http://gateway.marvel.com/v1/public/comics/82518",
              "name": "Spider-Man Noir (2020) #3"
            },
            {
              "resourceURI": "http://gateway.marvel.com/v1/public/comics/82519",
              "name": "Spider-Man Noir (2020) #4"
            },
            {
              "resourceURI": "http://gateway.marvel.com/v1/public/comics/82520",
              "name": "Spider-Man Noir (2020) #5"
            },
            {
              "resourceURI": "http://gateway.marvel.com/v1/public/comics/24312",
              "name": "SPIDER-MAN NOIR GN-TPB (Trade Paperback)"
            },
            {
              "resourceURI": "http://gateway.marvel.com/v1/public/comics/41148",
              "name": "SPIDER-MAN NOIR PREMIERE HC (Hardcover)"
            },
            {
              "resourceURI": "http://gateway.marvel.com/v1/public/comics/98592",
              "name": "Spider-Verse Unlimited Infinity Comic (2022) #1"
            },
            {
              "resourceURI": "http://gateway.marvel.com/v1/public/comics/57325",
              "name": "Web Warriors (2015) #1"
            },
            {
              "resourceURI": "http://gateway.marvel.com/v1/public/comics/57327",
              "name": "Web Warriors (2015) #2"
            },
            {
              "resourceURI": "http://gateway.marvel.com/v1/public/comics/57328",
              "name": "Web Warriors (2015) #3"
            },
            {
              "resourceURI": "http://gateway.marvel.com/v1/public/comics/57329",
              "name": "Web Warriors (2015) #4"
            },
            {
              "resourceURI": "http://gateway.marvel.com/v1/public/comics/57330",
              "name": "Web Warriors (2015) #5"
            },
            {
              "resourceURI": "http://gateway.marvel.com/v1/public/comics/57331",
              "name": "Web Warriors (2015) #6"
            },
            {
              "resourceURI": "http://gateway.marvel.com/v1/public/comics/57333",
              "name": "Web Warriors (2015) #8"
            }
          ],
          "returned": 16
        },
        "series": {
          "available": 6,
          "collectionURI": "http://gateway.marvel.com/v1/public/characters/1012295/series",
          "items": [
            {
              "resourceURI": "http://gateway.marvel.com/v1/public/series/26066",
              "name": "Marvel Universe Ultimate Spider-Man: Spider-Verse (2018)"
            },
            {
              "resourceURI": "http://gateway.marvel.com/v1/public/series/29329",
              "name": "Spider-Man Noir (2020)"
            },
            {
              "resourceURI": "http://gateway.marvel.com/v1/public/series/7511",
              "name": "SPIDER-MAN NOIR GN-TPB (2009)"
            },
            {
              "resourceURI": "http://gateway.marvel.com/v1/public/series/15284",
              "name": "SPIDER-MAN NOIR PREMIERE HC (2011)"
            },
            {
              "resourceURI": "http://gateway.marvel.com/v1/public/series/34010",
              "name": "Spider-Verse Unlimited Infinity Comic (2022)"
            },
            {
              "resourceURI": "http://gateway.marvel.com/v1/public/series/20900",
              "name": "Web Warriors (2015 - 2016)"
            }
          ],
          "returned": 6
        },
        "stories": {
          "available": 17,
          "collectionURI": "http://gateway.marvel.com/v1/public/characters/1012295/stories",
          "items": [
            {
              "resourceURI": "http://gateway.marvel.com/v1/public/stories/53865",
              "name": "Spider-Man Noir 1-4",
              "type": "interiorStory"
            },
            {
              "resourceURI": "http://gateway.marvel.com/v1/public/stories/93153",
              "name": "Cover #93153",
              "type": "cover"
            },
            {
              "resourceURI": "http://gateway.marvel.com/v1/public/stories/93154",
              "name": "Interior #93154",
              "type": "interiorStory"
            },
            {
              "resourceURI": "http://gateway.marvel.com/v1/public/stories/125467",
              "name": "cover from Web Warriors (2015) #1",
              "type": "cover"
            },
            {
              "resourceURI": "http://gateway.marvel.com/v1/public/stories/125471",
              "name": "cover from Web Warriors (2015) #2",
              "type": "cover"
            },
            {
              "resourceURI": "http://gateway.marvel.com/v1/public/stories/125473",
              "name": "cover from Web Warriors (2015) #3",
              "type": "cover"
            },
            {
              "resourceURI": "http://gateway.marvel.com/v1/public/stories/125475",
              "name": "cover from Web Warriors (2015) #4",
              "type": "cover"
            },
            {
              "resourceURI": "http://gateway.marvel.com/v1/public/stories/125477",
              "name": "cover from Web Warriors (2015) #5",
              "type": "cover"
            },
            {
              "resourceURI": "http://gateway.marvel.com/v1/public/stories/125479",
              "name": "cover from Web Warriors (2015) #6",
              "type": "cover"
            },
            {
              "resourceURI": "http://gateway.marvel.com/v1/public/stories/125483",
              "name": "cover from Web Warriors (2015) #8",
              "type": "cover"
            },
            {
              "resourceURI": "http://gateway.marvel.com/v1/public/stories/159018",
              "name": "cover from Marvel Universe Ultimate Spider-Man: Spider-Verse Infinite Comic (2018) #3",
              "type": "cover"
            },
            {
              "resourceURI": "http://gateway.marvel.com/v1/public/stories/182792",
              "name": "cover from Spider-Man Noir (2020) #1",
              "type": "cover"
            },
            {
              "resourceURI": "http://gateway.marvel.com/v1/public/stories/182794",
              "name": "cover from Spider-Man Noir (2020) #2",
              "type": "cover"
            },
            {
              "resourceURI": "http://gateway.marvel.com/v1/public/stories/182796",
              "name": "cover from Spider-Man Noir (2020) #3",
              "type": "cover"
            },
            {
              "resourceURI": "http://gateway.marvel.com/v1/public/stories/182798",
              "name": "cover from Spider-Man Noir (2020) #4",
              "type": "cover"
            },
            {
              "resourceURI": "http://gateway.marvel.com/v1/public/stories/182800",
              "name": "cover from Spider-Man Noir (2020) #5",
              "type": "cover"
            },
            {
              "resourceURI": "http://gateway.marvel.com/v1/public/stories/218253",
              "name": "cover from Spidey & His Amazing Friends Infinity Comic (2022)",
              "type": "cover"
            }
          ],
          "returned": 17
        },
        "events": {
          "available": 0,
          "collectionURI": "http://gateway.marvel.com/v1/public/characters/1012295/events",
          "items": [],
          "returned": 0
        },
        "urls": [
          {
            "type": "detail",
            "url": "http://marvel.com/comics/characters/1012295/spider-man_noir?utm_campaign=apiRef&utm_source=6b9027442105cbeb1f7fcc26400eec8f"
          },
          {
            "type": "comiclink",
            "url": "http://marvel.com/comics/characters/1012295/spider-man_noir?utm_campaign=apiRef&utm_source=6b9027442105cbeb1f7fcc26400eec8f"
          }
        ]
      },
      {
        "id": 1009610,
        "name": "Spider-Man (Peter Parker)",
        "description": "Bitten by a radioactive spider, high school student Peter Parker gained the speed, strength and powers of a spider. Adopting the name Spider-Man, Peter hoped to start a career using his new abilities. Taught that with great power comes great responsibility, Spidey has vowed to use his powers to help people.",
        "modified": "2021-06-30T17:32:26-0400",
        "thumbnail": {
          "path": "http://i.annihil.us/u/prod/marvel/i/mg/3/50/526548a343e4b",
          "extension": "jpg"
        },
        "resourceURI": "http://gateway.marvel.com/v1/public/characters/1009610",
        "comics": {
          "available": 4154,
          "collectionURI": "http://gateway.marvel.com/v1/public/characters/1009610/comics",
          "items": [
            {
              "resourceURI": "http://gateway.marvel.com/v1/public/comics/62304",
              "name": "Spider-Man: 101 Ways to End the Clone Saga (1997) #1"
            },
            {
              "resourceURI": "http://gateway.marvel.com/v1/public/comics/78503",
              "name": "2099 Alpha (2019) #1"
            },
            {
              "resourceURI": "http://gateway.marvel.com/v1/public/comics/60151",
              "name": "A YEAR OF MARVELS TPB (Trade Paperback)"
            },
            {
              "resourceURI": "http://gateway.marvel.com/v1/public/comics/57926",
              "name": "A Year of Marvels: April Infinite Comic (2016) #1"
            },
            {
              "resourceURI": "http://gateway.marvel.com/v1/public/comics/57924",
              "name": "A Year of Marvels: February Infinite Comic (2016) #1"
            },
            {
              "resourceURI": "http://gateway.marvel.com/v1/public/comics/43501",
              "name": "A+X (2012) #4"
            },
            {
              "resourceURI": "http://gateway.marvel.com/v1/public/comics/76012",
              "name": "Absolute Carnage (2019) #1"
            },
            {
              "resourceURI": "http://gateway.marvel.com/v1/public/comics/76014",
              "name": "Absolute Carnage (2019) #2"
            },
            {
              "resourceURI": "http://gateway.marvel.com/v1/public/comics/78960",
              "name": "Absolute Carnage (2019) #5"
            },
            {
              "resourceURI": "http://gateway.marvel.com/v1/public/comics/77071",
              "name": "Absolute Carnage: Symbiote Spider-Man (2019) #1"
            },
            {
              "resourceURI": "http://gateway.marvel.com/v1/public/comics/320",
              "name": "Actor Presents Spider-Man and the Incredible Hulk (2003) #1"
            },
            {
              "resourceURI": "http://gateway.marvel.com/v1/public/comics/76863",
              "name": "Adventures of Spider-Man (1996) #1"
            },
            {
              "resourceURI": "http://gateway.marvel.com/v1/public/comics/76864",
              "name": "Adventures of Spider-Man (1996) #2"
            },
            {
              "resourceURI": "http://gateway.marvel.com/v1/public/comics/76865",
              "name": "Adventures of Spider-Man (1996) #3"
            },
            {
              "resourceURI": "http://gateway.marvel.com/v1/public/comics/76866",
              "name": "Adventures of Spider-Man (1996) #4"
            },
            {
              "resourceURI": "http://gateway.marvel.com/v1/public/comics/76867",
              "name": "Adventures of Spider-Man (1996) #5"
            },
            {
              "resourceURI": "http://gateway.marvel.com/v1/public/comics/76868",
              "name": "Adventures of Spider-Man (1996) #6"
            },
            {
              "resourceURI": "http://gateway.marvel.com/v1/public/comics/76869",
              "name": "Adventures of Spider-Man (1996) #7"
            },
            {
              "resourceURI": "http://gateway.marvel.com/v1/public/comics/76870",
              "name": "Adventures of Spider-Man (1996) #8"
            },
            {
              "resourceURI": "http://gateway.marvel.com/v1/public/comics/76871",
              "name": "Adventures of Spider-Man (1996) #9"
            }
          ],
          "returned": 20
        },
        "series": {
          "available": 1079,
          "collectionURI": "http://gateway.marvel.com/v1/public/characters/1009610/series",
          "items": [
            {
              "resourceURI": "http://gateway.marvel.com/v1/public/series/26024",
              "name": " Superior Spider-Man Vol. 2: Otto-matic (2019)"
            },
            {
              "resourceURI": "http://gateway.marvel.com/v1/public/series/27980",
              "name": "2099 Alpha (2019)"
            },
            {
              "resourceURI": "http://gateway.marvel.com/v1/public/series/22102",
              "name": "A YEAR OF MARVELS TPB (2017)"
            },
            {
              "resourceURI": "http://gateway.marvel.com/v1/public/series/27342",
              "name": "A Year of Marvels: April Infinite Comic (2016)"
            },
            {
              "resourceURI": "http://gateway.marvel.com/v1/public/series/25677",
              "name": "A Year of Marvels: February Infinite Comic (2016)"
            },
            {
              "resourceURI": "http://gateway.marvel.com/v1/public/series/16450",
              "name": "A+X (2012 - 2014)"
            },
            {
              "resourceURI": "http://gateway.marvel.com/v1/public/series/27272",
              "name": "Absolute Carnage (2019)"
            },
            {
              "resourceURI": "http://gateway.marvel.com/v1/public/series/27637",
              "name": "Absolute Carnage: Symbiote Spider-Man (2019)"
            },
            {
              "resourceURI": "http://gateway.marvel.com/v1/public/series/458",
              "name": "Actor Presents Spider-Man and the Incredible Hulk (2003)"
            },
            {
              "resourceURI": "http://gateway.marvel.com/v1/public/series/27587",
              "name": "Adventures of Spider-Man (1996 - 1997)"
            },
            {
              "resourceURI": "http://gateway.marvel.com/v1/public/series/27025",
              "name": "Adventures Of Spider-Man: Sinister Intentions (2019)"
            },
            {
              "resourceURI": "http://gateway.marvel.com/v1/public/series/27671",
              "name": "Adventures Of Spider-man: Spectacular Foes (2019)"
            },
            {
              "resourceURI": "http://gateway.marvel.com/v1/public/series/9790",
              "name": "Age of Heroes (2010)"
            },
            {
              "resourceURI": "http://gateway.marvel.com/v1/public/series/10235",
              "name": "AGE OF HEROES TPB (2011)"
            },
            {
              "resourceURI": "http://gateway.marvel.com/v1/public/series/17318",
              "name": "Age of Ultron (2013)"
            },
            {
              "resourceURI": "http://gateway.marvel.com/v1/public/series/24134",
              "name": "Agents of Atlas: The Complete Collection Vol. 1 (2018)"
            },
            {
              "resourceURI": "http://gateway.marvel.com/v1/public/series/672",
              "name": "Alias (2001 - 2003)"
            },
            {
              "resourceURI": "http://gateway.marvel.com/v1/public/series/13383",
              "name": "Alias Omnibus (2006)"
            },
            {
              "resourceURI": "http://gateway.marvel.com/v1/public/series/2116",
              "name": "Alpha Flight (1983 - 1994)"
            },
            {
              "resourceURI": "http://gateway.marvel.com/v1/public/series/17650",
              "name": "Alpha: Big Time (2013)"
            }
          ],
          "returned": 20
        },
        "stories": {
          "available": 6142,
          "collectionURI": "http://gateway.marvel.com/v1/public/characters/1009610/stories",
          "items": [
            {
              "resourceURI": "http://gateway.marvel.com/v1/public/stories/483",
              "name": "Interior #483",
              "type": "interiorStory"
            },
            {
              "resourceURI": "http://gateway.marvel.com/v1/public/stories/486",
              "name": "Cover #486",
              "type": "cover"
            },
            {
              "resourceURI": "http://gateway.marvel.com/v1/public/stories/487",
              "name": "Interior #487",
              "type": "interiorStory"
            },
            {
              "resourceURI": "http://gateway.marvel.com/v1/public/stories/498",
              "name": "SENSATIONAL SPIDER-MAN (2006) #23",
              "type": "cover"
            },
            {
              "resourceURI": "http://gateway.marvel.com/v1/public/stories/499",
              "name": "Interior #499",
              "type": "interiorStory"
            },
            {
              "resourceURI": "http://gateway.marvel.com/v1/public/stories/598",
              "name": "Cover #598",
              "type": "cover"
            },
            {
              "resourceURI": "http://gateway.marvel.com/v1/public/stories/599",
              "name": "Interior #599",
              "type": "interiorStory"
            },
            {
              "resourceURI": "http://gateway.marvel.com/v1/public/stories/805",
              "name": "Interior #805",
              "type": "interiorStory"
            },
            {
              "resourceURI": "http://gateway.marvel.com/v1/public/stories/824",
              "name": "Cover #824",
              "type": "cover"
            },
            {
              "resourceURI": "http://gateway.marvel.com/v1/public/stories/838",
              "name": "3 of 3 - Family Business",
              "type": "cover"
            },
            {
              "resourceURI": "http://gateway.marvel.com/v1/public/stories/842",
              "name": "1 of 1 -  Secret of the Spider Shop",
              "type": "cover"
            },
            {
              "resourceURI": "http://gateway.marvel.com/v1/public/stories/866",
              "name": "Cover #866",
              "type": "cover"
            },
            {
              "resourceURI": "http://gateway.marvel.com/v1/public/stories/912",
              "name": "Fantastic Four (1998) #512",
              "type": "cover"
            },
            {
              "resourceURI": "http://gateway.marvel.com/v1/public/stories/913",
              "name": "Interior #913",
              "type": "interiorStory"
            },
            {
              "resourceURI": "http://gateway.marvel.com/v1/public/stories/916",
              "name": "Fantastic Four (1998) #513",
              "type": "cover"
            },
            {
              "resourceURI": "http://gateway.marvel.com/v1/public/stories/917",
              "name": "Interior #917",
              "type": "interiorStory"
            },
            {
              "resourceURI": "http://gateway.marvel.com/v1/public/stories/977",
              "name": "Cover #977",
              "type": "cover"
            },
            {
              "resourceURI": "http://gateway.marvel.com/v1/public/stories/979",
              "name": "Cover #979",
              "type": "cover"
            },
            {
              "resourceURI": "http://gateway.marvel.com/v1/public/stories/1018",
              "name": "Amazing Spider-Man (1999) #500",
              "type": "cover"
            },
            {
              "resourceURI": "http://gateway.marvel.com/v1/public/stories/1019",
              "name": "Interior #1019",
              "type": "interiorStory"
            }
          ],
          "returned": 20
        },
        "events": {
          "available": 38,
          "collectionURI": "http://gateway.marvel.com/v1/public/characters/1009610/events",
          "items": [
            {
              "resourceURI": "http://gateway.marvel.com/v1/public/events/116",
              "name": "Acts of Vengeance!"
            },
            {
              "resourceURI": "http://gateway.marvel.com/v1/public/events/314",
              "name": "Age of Ultron"
            },
            {
              "resourceURI": "http://gateway.marvel.com/v1/public/events/233",
              "name": "Atlantis Attacks"
            },
            {
              "resourceURI": "http://gateway.marvel.com/v1/public/events/234",
              "name": "Avengers Disassembled"
            },
            {
              "resourceURI": "http://gateway.marvel.com/v1/public/events/310",
              "name": "Avengers VS X-Men"
            },
            {
              "resourceURI": "http://gateway.marvel.com/v1/public/events/296",
              "name": "Chaos War"
            },
            {
              "resourceURI": "http://gateway.marvel.com/v1/public/events/238",
              "name": "Civil War"
            },
            {
              "resourceURI": "http://gateway.marvel.com/v1/public/events/318",
              "name": "Dark Reign"
            },
            {
              "resourceURI": "http://gateway.marvel.com/v1/public/events/240",
              "name": "Days of Future Present"
            },
            {
              "resourceURI": "http://gateway.marvel.com/v1/public/events/332",
              "name": "Dead No More: The Clone Conspiracy"
            },
            {
              "resourceURI": "http://gateway.marvel.com/v1/public/events/245",
              "name": "Enemy of the State"
            },
            {
              "resourceURI": "http://gateway.marvel.com/v1/public/events/246",
              "name": "Evolutionary War"
            },
            {
              "resourceURI": "http://gateway.marvel.com/v1/public/events/302",
              "name": "Fear Itself"
            },
            {
              "resourceURI": "http://gateway.marvel.com/v1/public/events/251",
              "name": "House of M"
            },
            {
              "resourceURI": "http://gateway.marvel.com/v1/public/events/252",
              "name": "Inferno"
            },
            {
              "resourceURI": "http://gateway.marvel.com/v1/public/events/315",
              "name": "Infinity"
            },
            {
              "resourceURI": "http://gateway.marvel.com/v1/public/events/317",
              "name": "Inhumanity"
            },
            {
              "resourceURI": "http://gateway.marvel.com/v1/public/events/255",
              "name": "Initiative"
            },
            {
              "resourceURI": "http://gateway.marvel.com/v1/public/events/258",
              "name": "Kraven's Last Hunt"
            },
            {
              "resourceURI": "http://gateway.marvel.com/v1/public/events/151",
              "name": "Maximum Carnage"
            }
          ],
          "returned": 20
        },
        "urls": [
          {
            "type": "detail",
            "url": "http://marvel.com/comics/characters/1009610/spider-man_peter_parker?utm_campaign=apiRef&utm_source=6b9027442105cbeb1f7fcc26400eec8f"
          },
          {
            "type": "wiki",
            "url": "http://marvel.com/universe/Spider-Man_(Peter_Parker)?utm_campaign=apiRef&utm_source=6b9027442105cbeb1f7fcc26400eec8f"
          },
          {
            "type": "comiclink",
            "url": "http://marvel.com/comics/characters/1009610/spider-man_peter_parker?utm_campaign=apiRef&utm_source=6b9027442105cbeb1f7fcc26400eec8f"
          }
        ]
      },
      {
        "id": 1011377,
        "name": "Spider-Man (Takuya Yamashiro)",
        "description": "",
        "modified": "2012-08-06T16:27:55-0400",
        "thumbnail": {
          "path": "http://i.annihil.us/u/prod/marvel/i/mg/f/50/4be86ad8ada17",
          "extension": "jpg"
        },
        "resourceURI": "http://gateway.marvel.com/v1/public/characters/1011377",
        "comics": {
          "available": 0,
          "collectionURI": "http://gateway.marvel.com/v1/public/characters/1011377/comics",
          "items": [],
          "returned": 0
        },
        "series": {
          "available": 0,
          "collectionURI": "http://gateway.marvel.com/v1/public/characters/1011377/series",
          "items": [],
          "returned": 0
        },
        "stories": {
          "available": 0,
          "collectionURI": "http://gateway.marvel.com/v1/public/characters/1011377/stories",
          "items": [],
          "returned": 0
        },
        "events": {
          "available": 0,
          "collectionURI": "http://gateway.marvel.com/v1/public/characters/1011377/events",
          "items": [],
          "returned": 0
        },
        "urls": [
          {
            "type": "detail",
            "url": "http://marvel.com/characters/54/spider-man?utm_campaign=apiRef&utm_source=6b9027442105cbeb1f7fcc26400eec8f"
          },
          {
            "type": "comiclink",
            "url": "http://marvel.com/comics/characters/1011377/spider-man_takuya_yamashiro?utm_campaign=apiRef&utm_source=6b9027442105cbeb1f7fcc26400eec8f"
          }
        ]
      },
      {
        "id": 1011010,
        "name": "Spider-Man (Ultimate)",
        "description": "Peter’s relatively normal life changed abruptly during a school trip to Osborn Industries, Inc, where the company had been working on a super soldier serum, the Oz Compound; a spider exposed to it escaped and bit Peter before it was destroyed.",
        "modified": "2014-03-05T13:50:46-0500",
        "thumbnail": {
          "path": "http://i.annihil.us/u/prod/marvel/i/mg/3/50/531771b4e8c60",
          "extension": "jpg"
        },
        "resourceURI": "http://gateway.marvel.com/v1/public/characters/1011010",
        "comics": {
          "available": 260,
          "collectionURI": "http://gateway.marvel.com/v1/public/characters/1011010/comics",
          "items": [
            {
              "resourceURI": "http://gateway.marvel.com/v1/public/comics/35582",
              "name": "Ultimate Avengers Vs. New Ultimates (2011) #1"
            },
            {
              "resourceURI": "http://gateway.marvel.com/v1/public/comics/39343",
              "name": "Ultimate Avengers Vs. New Ultimates (2011) #1 (2nd Printing Variant)"
            },
            {
              "resourceURI": "http://gateway.marvel.com/v1/public/comics/38503",
              "name": "Ultimate Avengers Vs. New Ultimates (2011) #2 (HITCH VARIANT)"
            },
            {
              "resourceURI": "http://gateway.marvel.com/v1/public/comics/40246",
              "name": "Ultimate Avengers Vs. New Ultimates (2011) #2 (2nd Printing Variant)"
            },
            {
              "resourceURI": "http://gateway.marvel.com/v1/public/comics/38500",
              "name": "Ultimate Avengers Vs. New Ultimates (2011) #3 (CHO VARIANT)"
            },
            {
              "resourceURI": "http://gateway.marvel.com/v1/public/comics/40245",
              "name": "Ultimate Avengers Vs. New Ultimates (2011) #3 (2nd Printing Variant)"
            },
            {
              "resourceURI": "http://gateway.marvel.com/v1/public/comics/36127",
              "name": "Ultimate Avengers Vs. New Ultimates (2011) #4"
            },
            {
              "resourceURI": "http://gateway.marvel.com/v1/public/comics/38502",
              "name": "Ultimate Avengers Vs. New Ultimates (2011) #4 (HITCH VARIANT)"
            },
            {
              "resourceURI": "http://gateway.marvel.com/v1/public/comics/36350",
              "name": "Ultimate Avengers Vs. New Ultimates (2011) #5"
            },
            {
              "resourceURI": "http://gateway.marvel.com/v1/public/comics/36125",
              "name": "Ultimate Avengers Vs. New Ultimates (2011) #6"
            },
            {
              "resourceURI": "http://gateway.marvel.com/v1/public/comics/38501",
              "name": "Ultimate Avengers Vs. New Ultimates (2011) #6 (Hitch Variant)"
            },
            {
              "resourceURI": "http://gateway.marvel.com/v1/public/comics/39468",
              "name": "Ultimate Comics Avengers Vs. New Ultimates: Death of Spider-Man (Hardcover)"
            },
            {
              "resourceURI": "http://gateway.marvel.com/v1/public/comics/30215",
              "name": "Ultimate Comics Doom (2010) #2"
            },
            {
              "resourceURI": "http://gateway.marvel.com/v1/public/comics/30206",
              "name": "Ultimate Comics Enemy (2010) #1"
            },
            {
              "resourceURI": "http://gateway.marvel.com/v1/public/comics/32674",
              "name": "Ultimate Comics Enemy (2010) #1 (VILLAIN VARIANT)"
            },
            {
              "resourceURI": "http://gateway.marvel.com/v1/public/comics/32676",
              "name": "Ultimate Comics Enemy (2010) #1 (FOILOGRAM VARIANT)"
            },
            {
              "resourceURI": "http://gateway.marvel.com/v1/public/comics/30207",
              "name": "Ultimate Comics Enemy (2010) #2"
            },
            {
              "resourceURI": "http://gateway.marvel.com/v1/public/comics/30208",
              "name": "Ultimate Comics Enemy (2010) #3"
            },
            {
              "resourceURI": "http://gateway.marvel.com/v1/public/comics/30209",
              "name": "Ultimate Comics Enemy (2010) #4"
            },
            {
              "resourceURI": "http://gateway.marvel.com/v1/public/comics/30210",
              "name": "Ultimate Comics Mystery (2010) #1"
            }
          ],
          "returned": 20
        },
        "series": {
          "available": 45,
          "collectionURI": "http://gateway.marvel.com/v1/public/characters/1011010/series",
          "items": [
            {
              "resourceURI": "http://gateway.marvel.com/v1/public/series/12615",
              "name": "Ultimate Avengers Vs. New Ultimates (2011)"
            },
            {
              "resourceURI": "http://gateway.marvel.com/v1/public/series/14423",
              "name": "Ultimate Comics Avengers Vs. New Ultimates: Death of Spider-Man (2011)"
            },
            {
              "resourceURI": "http://gateway.marvel.com/v1/public/series/9958",
              "name": "Ultimate Comics Doom (2010 - 2011)"
            },
            {
              "resourceURI": "http://gateway.marvel.com/v1/public/series/9196",
              "name": "Ultimate Comics Enemy (2010)"
            },
            {
              "resourceURI": "http://gateway.marvel.com/v1/public/series/9957",
              "name": "Ultimate Comics Mystery (2010)"
            },
            {
              "resourceURI": "http://gateway.marvel.com/v1/public/series/10532",
              "name": "ULTIMATE COMICS NEW ULTIMATES: THOR REBORN PREMIERE HC (2011)"
            },
            {
              "resourceURI": "http://gateway.marvel.com/v1/public/series/8509",
              "name": "Ultimate Comics Spider-Man (2009 - 2012)"
            },
            {
              "resourceURI": "http://gateway.marvel.com/v1/public/series/13831",
              "name": "Ultimate Comics Spider-Man (2011 - 2013)"
            },
            {
              "resourceURI": "http://gateway.marvel.com/v1/public/series/14807",
              "name": "Ultimate Fallout (2011)"
            },
            {
              "resourceURI": "http://gateway.marvel.com/v1/public/series/2311",
              "name": "Ultimate Marvel Team-Up (2001 - 2002)"
            },
            {
              "resourceURI": "http://gateway.marvel.com/v1/public/series/1823",
              "name": "Ultimate Marvel Team-Up Ultimate Collection (2006)"
            },
            {
              "resourceURI": "http://gateway.marvel.com/v1/public/series/1124",
              "name": "Ultimate Power (2006 - 2008)"
            },
            {
              "resourceURI": "http://gateway.marvel.com/v1/public/series/466",
              "name": "Ultimate Spider-Man (2000 - 2009)"
            },
            {
              "resourceURI": "http://gateway.marvel.com/v1/public/series/1054",
              "name": "Ultimate Spider-Man Annual (2005 - 2008)"
            },
            {
              "resourceURI": "http://gateway.marvel.com/v1/public/series/14744",
              "name": "Ultimate Spider-Man MGC (2011)"
            },
            {
              "resourceURI": "http://gateway.marvel.com/v1/public/series/1919",
              "name": "Ultimate Spider-Man Ultimate Collection Book 1 (2007)"
            },
            {
              "resourceURI": "http://gateway.marvel.com/v1/public/series/1220",
              "name": "ULTIMATE SPIDER-MAN VOL. 10: HOLLYWOOD TPB (2008 - 2004)"
            },
            {
              "resourceURI": "http://gateway.marvel.com/v1/public/series/1221",
              "name": "Ultimate Spider-Man Vol. 11: Carnage (2004)"
            },
            {
              "resourceURI": "http://gateway.marvel.com/v1/public/series/1383",
              "name": "Ultimate Spider-Man Vol. 12: Superstars (2005)"
            },
            {
              "resourceURI": "http://gateway.marvel.com/v1/public/series/1397",
              "name": "Ultimate Spider-Man Vol. 13: Hobgoblin (2005)"
            }
          ],
          "returned": 20
        },
        "stories": {
          "available": 351,
          "collectionURI": "http://gateway.marvel.com/v1/public/characters/1011010/stories",
          "items": [
            {
              "resourceURI": "http://gateway.marvel.com/v1/public/stories/528",
              "name": "Interior #528",
              "type": "interiorStory"
            },
            {
              "resourceURI": "http://gateway.marvel.com/v1/public/stories/529",
              "name": "Interior #529",
              "type": "interiorStory"
            },
            {
              "resourceURI": "http://gateway.marvel.com/v1/public/stories/1290",
              "name": "Ultimate Spider-Man (2000) #68",
              "type": "cover"
            },
            {
              "resourceURI": "http://gateway.marvel.com/v1/public/stories/1291",
              "name": "1 of 2 - Human Torch",
              "type": "interiorStory"
            },
            {
              "resourceURI": "http://gateway.marvel.com/v1/public/stories/1292",
              "name": "Ultimate Spider-Man (2000) #69",
              "type": "cover"
            },
            {
              "resourceURI": "http://gateway.marvel.com/v1/public/stories/1293",
              "name": "2 of 2 - Human Torch",
              "type": "interiorStory"
            },
            {
              "resourceURI": "http://gateway.marvel.com/v1/public/stories/1307",
              "name": "Interior #1307",
              "type": "interiorStory"
            },
            {
              "resourceURI": "http://gateway.marvel.com/v1/public/stories/1309",
              "name": "Interior #1309",
              "type": "interiorStory"
            },
            {
              "resourceURI": "http://gateway.marvel.com/v1/public/stories/1311",
              "name": "Interior #1311",
              "type": "interiorStory"
            },
            {
              "resourceURI": "http://gateway.marvel.com/v1/public/stories/1313",
              "name": "Interior #1313",
              "type": "interiorStory"
            },
            {
              "resourceURI": "http://gateway.marvel.com/v1/public/stories/1314",
              "name": "Ultimate Spider-Man (2000) #63",
              "type": "cover"
            },
            {
              "resourceURI": "http://gateway.marvel.com/v1/public/stories/1315",
              "name": "Interior #1315",
              "type": "interiorStory"
            },
            {
              "resourceURI": "http://gateway.marvel.com/v1/public/stories/1316",
              "name": "Ultimate Spider-Man (2000) #62",
              "type": "cover"
            },
            {
              "resourceURI": "http://gateway.marvel.com/v1/public/stories/1317",
              "name": "Interior #1317",
              "type": "interiorStory"
            },
            {
              "resourceURI": "http://gateway.marvel.com/v1/public/stories/1319",
              "name": "Interior #1319",
              "type": "interiorStory"
            },
            {
              "resourceURI": "http://gateway.marvel.com/v1/public/stories/1321",
              "name": "Interior #1321",
              "type": "interiorStory"
            },
            {
              "resourceURI": "http://gateway.marvel.com/v1/public/stories/1323",
              "name": "Interior #1323",
              "type": "interiorStory"
            },
            {
              "resourceURI": "http://gateway.marvel.com/v1/public/stories/1324",
              "name": "Ultimate Spider-Man (2000) #61",
              "type": "cover"
            },
            {
              "resourceURI": "http://gateway.marvel.com/v1/public/stories/1325",
              "name": "Interior #1325",
              "type": "interiorStory"
            },
            {
              "resourceURI": "http://gateway.marvel.com/v1/public/stories/1326",
              "name": "Ultimate Spider-Man (2000) #64",
              "type": "cover"
            }
          ],
          "returned": 20
        },
        "events": {
          "available": 0,
          "collectionURI": "http://gateway.marvel.com/v1/public/characters/1011010/events",
          "items": [],
          "returned": 0
        },
        "urls": [
          {
            "type": "detail",
            "url": "http://marvel.com/characters/54/spider-man?utm_campaign=apiRef&utm_source=6b9027442105cbeb1f7fcc26400eec8f"
          },
          {
            "type": "wiki",
            "url": "http://marvel.com/universe/Spider-Man_(Ultimate)?utm_campaign=apiRef&utm_source=6b9027442105cbeb1f7fcc26400eec8f"
          },
          {
            "type": "comiclink",
            "url": "http://marvel.com/comics/characters/1011010/spider-man_ultimate?utm_campaign=apiRef&utm_source=6b9027442105cbeb1f7fcc26400eec8f"
          }
        ]
      },
      {
        "id": 1010795,
        "name": "Spider-Woman (Charlotte Witter)",
        "description": "",
        "modified": "2014-03-05T13:49:34-0500",
        "thumbnail": {
          "path": "http://i.annihil.us/u/prod/marvel/i/mg/c/60/531771afe4ffa",
          "extension": "jpg"
        },
        "resourceURI": "http://gateway.marvel.com/v1/public/characters/1010795",
        "comics": {
          "available": 11,
          "collectionURI": "http://gateway.marvel.com/v1/public/characters/1010795/comics",
          "items": [
            {
              "resourceURI": "http://gateway.marvel.com/v1/public/comics/23996",
              "name": "Astonishing Tales (2009) #3"
            },
            {
              "resourceURI": "http://gateway.marvel.com/v1/public/comics/21247",
              "name": "Avengers/Invaders (2008) #1"
            },
            {
              "resourceURI": "http://gateway.marvel.com/v1/public/comics/21248",
              "name": "Avengers/Invaders (2008) #1 (Finch Variant)"
            },
            {
              "resourceURI": "http://gateway.marvel.com/v1/public/comics/21565",
              "name": "Avengers/Invaders (2008) #3"
            },
            {
              "resourceURI": "http://gateway.marvel.com/v1/public/comics/22330",
              "name": "Avengers/Invaders (2008) #5"
            },
            {
              "resourceURI": "http://gateway.marvel.com/v1/public/comics/24539",
              "name": "Avengers/Invaders (2008) #12"
            },
            {
              "resourceURI": "http://gateway.marvel.com/v1/public/comics/6152",
              "name": "Captain America (2004) #26"
            },
            {
              "resourceURI": "http://gateway.marvel.com/v1/public/comics/21424",
              "name": "Captain America: The Death of Captain America Vol. 1 (Trade Paperback)"
            },
            {
              "resourceURI": "http://gateway.marvel.com/v1/public/comics/17325",
              "name": "Captain America: The Death of Captain America Vol. 1 Premiere (Hardcover)"
            },
            {
              "resourceURI": "http://gateway.marvel.com/v1/public/comics/37899",
              "name": "Amazing Spider-Man (1999) #5"
            },
            {
              "resourceURI": "http://gateway.marvel.com/v1/public/comics/37900",
              "name": "Amazing Spider-Man (1999) #6"
            }
          ],
          "returned": 11
        },
        "series": {
          "available": 6,
          "collectionURI": "http://gateway.marvel.com/v1/public/characters/1010795/series",
          "items": [
            {
              "resourceURI": "http://gateway.marvel.com/v1/public/series/454",
              "name": "Amazing Spider-Man (1999 - 2013)"
            },
            {
              "resourceURI": "http://gateway.marvel.com/v1/public/series/6792",
              "name": "Astonishing Tales (2009)"
            },
            {
              "resourceURI": "http://gateway.marvel.com/v1/public/series/4864",
              "name": "Avengers/Invaders (2008 - 2009)"
            },
            {
              "resourceURI": "http://gateway.marvel.com/v1/public/series/832",
              "name": "Captain America (2004 - 2011)"
            },
            {
              "resourceURI": "http://gateway.marvel.com/v1/public/series/5061",
              "name": "Captain America: The Death of Captain America Vol. 1 (2008)"
            },
            {
              "resourceURI": "http://gateway.marvel.com/v1/public/series/3127",
              "name": "Captain America: The Death of Captain America Vol. 1 Premiere (2007)"
            }
          ],
          "returned": 6
        },
        "stories": {
          "available": 14,
          "collectionURI": "http://gateway.marvel.com/v1/public/characters/1010795/stories",
          "items": [
            {
              "resourceURI": "http://gateway.marvel.com/v1/public/stories/7703",
              "name": "2 of 6 - Death of the Dream",
              "type": "interiorStory"
            },
            {
              "resourceURI": "http://gateway.marvel.com/v1/public/stories/46927",
              "name": "Avengers/Invaders (2008) #1",
              "type": "cover"
            },
            {
              "resourceURI": "http://gateway.marvel.com/v1/public/stories/46928",
              "name": "12XLS 1 of 12",
              "type": "interiorStory"
            },
            {
              "resourceURI": "http://gateway.marvel.com/v1/public/stories/46929",
              "name": "12XLS 1 of 12",
              "type": "cover"
            },
            {
              "resourceURI": "http://gateway.marvel.com/v1/public/stories/47536",
              "name": "Avengers/Invaders (2008) #3",
              "type": "cover"
            },
            {
              "resourceURI": "http://gateway.marvel.com/v1/public/stories/47537",
              "name": "12XLS 3 of 12",
              "type": "interiorStory"
            },
            {
              "resourceURI": "http://gateway.marvel.com/v1/public/stories/49163",
              "name": "Avengers/Invaders (2008) #5",
              "type": "cover"
            },
            {
              "resourceURI": "http://gateway.marvel.com/v1/public/stories/49164",
              "name": "12XLS 5 of 12",
              "type": "interiorStory"
            },
            {
              "resourceURI": "http://gateway.marvel.com/v1/public/stories/53224",
              "name": "Cover #53224",
              "type": "cover"
            },
            {
              "resourceURI": "http://gateway.marvel.com/v1/public/stories/53225",
              "name": "Interior #53225",
              "type": "interiorStory"
            },
            {
              "resourceURI": "http://gateway.marvel.com/v1/public/stories/54306",
              "name": "Avengers/Invaders (2008) #12",
              "type": "cover"
            },
            {
              "resourceURI": "http://gateway.marvel.com/v1/public/stories/54307",
              "name": "Interior #54307",
              "type": "interiorStory"
            },
            {
              "resourceURI": "http://gateway.marvel.com/v1/public/stories/94843",
              "name": "Amazing Spider-Man (1999) #5",
              "type": "cover"
            },
            {
              "resourceURI": "http://gateway.marvel.com/v1/public/stories/94906",
              "name": "Amazing Spider-Man (1999) #6",
              "type": "cover"
            }
          ],
          "returned": 14
        },
        "events": {
          "available": 1,
          "collectionURI": "http://gateway.marvel.com/v1/public/characters/1010795/events",
          "items": [
            {
              "resourceURI": "http://gateway.marvel.com/v1/public/events/255",
              "name": "Initiative"
            }
          ],
          "returned": 1
        },
        "urls": [
          {
            "type": "detail",
            "url": "http://marvel.com/comics/characters/1010795/spider-woman_charlotte_witter?utm_campaign=apiRef&utm_source=6b9027442105cbeb1f7fcc26400eec8f"
          },
          {
            "type": "wiki",
            "url": "http://marvel.com/universe/Spider-Woman_%28Charlotte_Witter%29?utm_campaign=apiRef&utm_source=6b9027442105cbeb1f7fcc26400eec8f"
          },
          {
            "type": "comiclink",
            "url": "http://marvel.com/comics/characters/1010795/spider-woman_charlotte_witter?utm_campaign=apiRef&utm_source=6b9027442105cbeb1f7fcc26400eec8f"
          }
        ]
      },
      {
        "id": 1009608,
        "name": "Spider-Woman (Jessica Drew)",
        "description": "When young Jessica Drew suffered uranium poisoning in 1931, her father was forced to inject her with his untested spider serum and seal her in a genetic accelerator.",
        "modified": "2016-04-26T15:26:56-0400",
        "thumbnail": {
          "path": "http://i.annihil.us/u/prod/marvel/i/mg/b/50/5265479097743",
          "extension": "jpg"
        },
        "resourceURI": "http://gateway.marvel.com/v1/public/characters/1009608",
        "comics": {
          "available": 288,
          "collectionURI": "http://gateway.marvel.com/v1/public/characters/1009608/comics",
          "items": [
            {
              "resourceURI": "http://gateway.marvel.com/v1/public/comics/43507",
              "name": "A+X (2012) #8"
            },
            {
              "resourceURI": "http://gateway.marvel.com/v1/public/comics/37256",
              "name": "Alias (2001) #1"
            },
            {
              "resourceURI": "http://gateway.marvel.com/v1/public/comics/37267",
              "name": "Alias (2001) #2"
            },
            {
              "resourceURI": "http://gateway.marvel.com/v1/public/comics/37277",
              "name": "Alias (2001) #3"
            },
            {
              "resourceURI": "http://gateway.marvel.com/v1/public/comics/37255",
              "name": "Alias Omnibus (Hardcover)"
            },
            {
              "resourceURI": "http://gateway.marvel.com/v1/public/comics/1868",
              "name": "Amazing Spider-Man (1999) #519"
            },
            {
              "resourceURI": "http://gateway.marvel.com/v1/public/comics/1966",
              "name": "Amazing Spider-Man (1999) #520"
            },
            {
              "resourceURI": "http://gateway.marvel.com/v1/public/comics/2212",
              "name": "Amazing Spider-Man (1999) #522"
            },
            {
              "resourceURI": "http://gateway.marvel.com/v1/public/comics/2980",
              "name": "Amazing Spider-Man (1999) #523"
            },
            {
              "resourceURI": "http://gateway.marvel.com/v1/public/comics/5808",
              "name": "Amazing Spider-Man (1999) #538"
            },
            {
              "resourceURI": "http://gateway.marvel.com/v1/public/comics/35513",
              "name": "Amazing Spider-Man (1999) #666"
            },
            {
              "resourceURI": "http://gateway.marvel.com/v1/public/comics/35528",
              "name": "Amazing Spider-Man (1999) #667"
            },
            {
              "resourceURI": "http://gateway.marvel.com/v1/public/comics/35532",
              "name": "Amazing Spider-Man (1999) #668"
            },
            {
              "resourceURI": "http://gateway.marvel.com/v1/public/comics/41661",
              "name": "Amazing Spider-Man Annual (1964) #39"
            },
            {
              "resourceURI": "http://gateway.marvel.com/v1/public/comics/3019",
              "name": "AMAZING SPIDER-MAN VOL. 10: NEW AVENGERS TPB (Trade Paperback)"
            },
            {
              "resourceURI": "http://gateway.marvel.com/v1/public/comics/90780",
              "name": "Amazing Spider-Man: The Sins of Norman Osborn (2020) #1"
            },
            {
              "resourceURI": "http://gateway.marvel.com/v1/public/comics/29195",
              "name": "Avengers (2010) #1"
            },
            {
              "resourceURI": "http://gateway.marvel.com/v1/public/comics/33562",
              "name": "Avengers (2010) #1 (ROMITA SR. VARIANT)"
            },
            {
              "resourceURI": "http://gateway.marvel.com/v1/public/comics/33572",
              "name": "Avengers (2010) #1 (I AM AN AVENGER BLANK COVER VARIANT)"
            },
            {
              "resourceURI": "http://gateway.marvel.com/v1/public/comics/33335",
              "name": "Avengers (2010) #1 (HEROIC AGE VARIANT)"
            }
          ],
          "returned": 20
        },
        "series": {
          "available": 94,
          "collectionURI": "http://gateway.marvel.com/v1/public/characters/1009608/series",
          "items": [
            {
              "resourceURI": "http://gateway.marvel.com/v1/public/series/16450",
              "name": "A+X (2012 - 2014)"
            },
            {
              "resourceURI": "http://gateway.marvel.com/v1/public/series/672",
              "name": "Alias (2001 - 2003)"
            },
            {
              "resourceURI": "http://gateway.marvel.com/v1/public/series/13383",
              "name": "Alias Omnibus (2006)"
            },
            {
              "resourceURI": "http://gateway.marvel.com/v1/public/series/454",
              "name": "Amazing Spider-Man (1999 - 2013)"
            },
            {
              "resourceURI": "http://gateway.marvel.com/v1/public/series/2984",
              "name": "Amazing Spider-Man Annual (1964 - 2018)"
            },
            {
              "resourceURI": "http://gateway.marvel.com/v1/public/series/1489",
              "name": "AMAZING SPIDER-MAN VOL. 10: NEW AVENGERS TPB (2005)"
            },
            {
              "resourceURI": "http://gateway.marvel.com/v1/public/series/31209",
              "name": "Amazing Spider-Man: The Sins of Norman Osborn (2020)"
            },
            {
              "resourceURI": "http://gateway.marvel.com/v1/public/series/9085",
              "name": "Avengers (2010 - 2012)"
            },
            {
              "resourceURI": "http://gateway.marvel.com/v1/public/series/1991",
              "name": "Avengers (1963 - 1996)"
            },
            {
              "resourceURI": "http://gateway.marvel.com/v1/public/series/9086",
              "name": "Avengers Academy (2010 - 2012)"
            },
            {
              "resourceURI": "http://gateway.marvel.com/v1/public/series/23123",
              "name": "Avengers and Power Pack (2017)"
            },
            {
              "resourceURI": "http://gateway.marvel.com/v1/public/series/1046",
              "name": "Avengers and Power Pack Assemble! (2006)"
            },
            {
              "resourceURI": "http://gateway.marvel.com/v1/public/series/15373",
              "name": "Avengers Assemble (2012 - 2014)"
            },
            {
              "resourceURI": "http://gateway.marvel.com/v1/public/series/10051",
              "name": "Avengers By Brian Michael Bendis Vol. 2 Premiere HC (2011)"
            },
            {
              "resourceURI": "http://gateway.marvel.com/v1/public/series/23600",
              "name": "Avengers by Brian Michael Bendis: The Complete Collection Vol. 2 (2017)"
            },
            {
              "resourceURI": "http://gateway.marvel.com/v1/public/series/10048",
              "name": "Avengers Vol 1: By Brian Michel Bendis TPB (2011)"
            },
            {
              "resourceURI": "http://gateway.marvel.com/v1/public/series/13032",
              "name": "Avengers Vs. Pet Avengers (2010 - 2011)"
            },
            {
              "resourceURI": "http://gateway.marvel.com/v1/public/series/15305",
              "name": "Avengers Vs. X-Men (2012)"
            },
            {
              "resourceURI": "http://gateway.marvel.com/v1/public/series/18398",
              "name": "Avengers World (2014 - 2015)"
            },
            {
              "resourceURI": "http://gateway.marvel.com/v1/public/series/4864",
              "name": "Avengers/Invaders (2008 - 2009)"
            }
          ],
          "returned": 20
        },
        "stories": {
          "available": 301,
          "collectionURI": "http://gateway.marvel.com/v1/public/characters/1009608/stories",
          "items": [
            {
              "resourceURI": "http://gateway.marvel.com/v1/public/stories/1163",
              "name": "Amazing Spider-Man (1999) #519",
              "type": "cover"
            },
            {
              "resourceURI": "http://gateway.marvel.com/v1/public/stories/1165",
              "name": "Amazing Spider-Man (1999) #520",
              "type": "cover"
            },
            {
              "resourceURI": "http://gateway.marvel.com/v1/public/stories/1169",
              "name": "Amazing Spider-Man (1999) #522",
              "type": "cover"
            },
            {
              "resourceURI": "http://gateway.marvel.com/v1/public/stories/1175",
              "name": "Amazing Spider-Man (1999) #523",
              "type": "cover"
            },
            {
              "resourceURI": "http://gateway.marvel.com/v1/public/stories/1203",
              "name": "Amazing Spider-Man (1999) #538",
              "type": "cover"
            },
            {
              "resourceURI": "http://gateway.marvel.com/v1/public/stories/1403",
              "name": "7 of 8 - The Clone Saga",
              "type": "interiorStory"
            },
            {
              "resourceURI": "http://gateway.marvel.com/v1/public/stories/3435",
              "name": "New Avengers (2004) #1",
              "type": "cover"
            },
            {
              "resourceURI": "http://gateway.marvel.com/v1/public/stories/3436",
              "name": "New Avengers (2004) #1",
              "type": "interiorStory"
            },
            {
              "resourceURI": "http://gateway.marvel.com/v1/public/stories/3439",
              "name": "Cover #3439",
              "type": "cover"
            },
            {
              "resourceURI": "http://gateway.marvel.com/v1/public/stories/3443",
              "name": "4 of 5 - Breakout!",
              "type": "cover"
            },
            {
              "resourceURI": "http://gateway.marvel.com/v1/public/stories/3445",
              "name": "5 of 6 - Breakout!",
              "type": "cover"
            },
            {
              "resourceURI": "http://gateway.marvel.com/v1/public/stories/3455",
              "name": "6 of 6 - Breakout!",
              "type": "cover"
            },
            {
              "resourceURI": "http://gateway.marvel.com/v1/public/stories/3457",
              "name": "1 of 5 - The Raft",
              "type": "cover"
            },
            {
              "resourceURI": "http://gateway.marvel.com/v1/public/stories/3459",
              "name": "1 of 3 - Sentry",
              "type": "cover"
            },
            {
              "resourceURI": "http://gateway.marvel.com/v1/public/stories/3463",
              "name": "3 of 3 - Sentry",
              "type": "cover"
            },
            {
              "resourceURI": "http://gateway.marvel.com/v1/public/stories/3465",
              "name": "1 of 3 - Ronin",
              "type": "cover"
            },
            {
              "resourceURI": "http://gateway.marvel.com/v1/public/stories/3467",
              "name": "2 of 3 - Ronin",
              "type": "cover"
            },
            {
              "resourceURI": "http://gateway.marvel.com/v1/public/stories/3469",
              "name": "4 of 4 - Sentry",
              "type": "cover"
            },
            {
              "resourceURI": "http://gateway.marvel.com/v1/public/stories/3475",
              "name": "3 of 3 - Ronin",
              "type": "cover"
            },
            {
              "resourceURI": "http://gateway.marvel.com/v1/public/stories/3477",
              "name": "1 of 2 - Spider-Woman",
              "type": "cover"
            }
          ],
          "returned": 20
        },
        "events": {
          "available": 14,
          "collectionURI": "http://gateway.marvel.com/v1/public/characters/1009608/events",
          "items": [
            {
              "resourceURI": "http://gateway.marvel.com/v1/public/events/310",
              "name": "Avengers VS X-Men"
            },
            {
              "resourceURI": "http://gateway.marvel.com/v1/public/events/238",
              "name": "Civil War"
            },
            {
              "resourceURI": "http://gateway.marvel.com/v1/public/events/318",
              "name": "Dark Reign"
            },
            {
              "resourceURI": "http://gateway.marvel.com/v1/public/events/302",
              "name": "Fear Itself"
            },
            {
              "resourceURI": "http://gateway.marvel.com/v1/public/events/315",
              "name": "Infinity"
            },
            {
              "resourceURI": "http://gateway.marvel.com/v1/public/events/317",
              "name": "Inhumanity"
            },
            {
              "resourceURI": "http://gateway.marvel.com/v1/public/events/255",
              "name": "Initiative"
            },
            {
              "resourceURI": "http://gateway.marvel.com/v1/public/events/311",
              "name": "Marvel NOW!"
            },
            {
              "resourceURI": "http://gateway.marvel.com/v1/public/events/266",
              "name": "Other - Evolve or Die"
            },
            {
              "resourceURI": "http://gateway.marvel.com/v1/public/events/336",
              "name": "Secret Empire"
            },
            {
              "resourceURI": "http://gateway.marvel.com/v1/public/events/269",
              "name": "Secret Invasion"
            },
            {
              "resourceURI": "http://gateway.marvel.com/v1/public/events/270",
              "name": "Secret Wars"
            },
            {
              "resourceURI": "http://gateway.marvel.com/v1/public/events/273",
              "name": "Siege"
            },
            {
              "resourceURI": "http://gateway.marvel.com/v1/public/events/305",
              "name": "Spider-Island"
            }
          ],
          "returned": 14
        },
        "urls": [
          {
            "type": "detail",
            "url": "http://marvel.com/comics/characters/1009608/spider-woman_jessica_drew?utm_campaign=apiRef&utm_source=6b9027442105cbeb1f7fcc26400eec8f"
          },
          {
            "type": "wiki",
            "url": "http://marvel.com/universe/Spider-Woman_%28Jessica_Drew%29?utm_campaign=apiRef&utm_source=6b9027442105cbeb1f7fcc26400eec8f"
          },
          {
            "type": "comiclink",
            "url": "http://marvel.com/comics/characters/1009608/spider-woman_jessica_drew?utm_campaign=apiRef&utm_source=6b9027442105cbeb1f7fcc26400eec8f"
          }
        ]
      },
      {
        "id": 1010794,
        "name": "Spider-Woman (Mattie Franklin)",
        "description": "Mattie Franklin was granted her powers when, after overhearing a phone call between her father and Norman Osborn about the Gathering of the Five, she took her father's place during the Gathering and was endowed with the awesome powers that Norman Osborn had wanted for himself.",
        "modified": "2014-03-05T13:50:37-0500",
        "thumbnail": {
          "path": "http://i.annihil.us/u/prod/marvel/i/mg/2/30/531771c2ab020",
          "extension": "jpg"
        },
        "resourceURI": "http://gateway.marvel.com/v1/public/characters/1010794",
        "comics": {
          "available": 16,
          "collectionURI": "http://gateway.marvel.com/v1/public/characters/1010794/comics",
          "items": [
            {
              "resourceURI": "http://gateway.marvel.com/v1/public/comics/24418",
              "name": "Amazing Spider-Man (1999) #611"
            },
            {
              "resourceURI": "http://gateway.marvel.com/v1/public/comics/30305",
              "name": "Amazing Spider-Man (1999) #630"
            },
            {
              "resourceURI": "http://gateway.marvel.com/v1/public/comics/30309",
              "name": "Amazing Spider-Man (1999) #634"
            },
            {
              "resourceURI": "http://gateway.marvel.com/v1/public/comics/39678",
              "name": "The Contest II (1999) #2"
            },
            {
              "resourceURI": "http://gateway.marvel.com/v1/public/comics/61050",
              "name": "Silk (2015) #17"
            },
            {
              "resourceURI": "http://gateway.marvel.com/v1/public/comics/62215",
              "name": "SILK VOL. 3: THE CLONE CONSPIRACY TPB (Trade Paperback)"
            },
            {
              "resourceURI": "http://gateway.marvel.com/v1/public/comics/37895",
              "name": "Amazing Spider-Man (1999) #2"
            },
            {
              "resourceURI": "http://gateway.marvel.com/v1/public/comics/37899",
              "name": "Amazing Spider-Man (1999) #5"
            },
            {
              "resourceURI": "http://gateway.marvel.com/v1/public/comics/37900",
              "name": "Amazing Spider-Man (1999) #6"
            },
            {
              "resourceURI": "http://gateway.marvel.com/v1/public/comics/48429",
              "name": "Amazing Spider-Man (1999) #14"
            },
            {
              "resourceURI": "http://gateway.marvel.com/v1/public/comics/6276",
              "name": "The Loners (2007) #1"
            },
            {
              "resourceURI": "http://gateway.marvel.com/v1/public/comics/13467",
              "name": "The Loners (2007) #2"
            },
            {
              "resourceURI": "http://gateway.marvel.com/v1/public/comics/15848",
              "name": "The Loners (2007) #3"
            },
            {
              "resourceURI": "http://gateway.marvel.com/v1/public/comics/15959",
              "name": "The Loners (2007) #4"
            },
            {
              "resourceURI": "http://gateway.marvel.com/v1/public/comics/16143",
              "name": "The Loners (2007) #5"
            },
            {
              "resourceURI": "http://gateway.marvel.com/v1/public/comics/16506",
              "name": "The Loners (2007) #6"
            }
          ],
          "returned": 16
        },
        "series": {
          "available": 5,
          "collectionURI": "http://gateway.marvel.com/v1/public/characters/1010794/series",
          "items": [
            {
              "resourceURI": "http://gateway.marvel.com/v1/public/series/454",
              "name": "Amazing Spider-Man (1999 - 2013)"
            },
            {
              "resourceURI": "http://gateway.marvel.com/v1/public/series/20499",
              "name": "Silk (2015 - 2017)"
            },
            {
              "resourceURI": "http://gateway.marvel.com/v1/public/series/22838",
              "name": "SILK VOL. 3: THE CLONE CONSPIRACY TPB (2017)"
            },
            {
              "resourceURI": "http://gateway.marvel.com/v1/public/series/14638",
              "name": "The Contest II (1999)"
            },
            {
              "resourceURI": "http://gateway.marvel.com/v1/public/series/1938",
              "name": "The Loners (2007 - 2008)"
            }
          ],
          "returned": 5
        },
        "stories": {
          "available": 16,
          "collectionURI": "http://gateway.marvel.com/v1/public/characters/1010794/stories",
          "items": [
            {
              "resourceURI": "http://gateway.marvel.com/v1/public/stories/8294",
              "name": "1 of 6 - 6XLS",
              "type": "cover"
            },
            {
              "resourceURI": "http://gateway.marvel.com/v1/public/stories/8661",
              "name": "2 of 6 - 6XLS",
              "type": "cover"
            },
            {
              "resourceURI": "http://gateway.marvel.com/v1/public/stories/32363",
              "name": "3 of 6 - 6XLS",
              "type": "cover"
            },
            {
              "resourceURI": "http://gateway.marvel.com/v1/public/stories/32592",
              "name": "4 of 6 - 6XLS",
              "type": "cover"
            },
            {
              "resourceURI": "http://gateway.marvel.com/v1/public/stories/32968",
              "name": "5 of 6 - 6XLS",
              "type": "cover"
            },
            {
              "resourceURI": "http://gateway.marvel.com/v1/public/stories/33283",
              "name": "6 of 6 - 6XLS",
              "type": "cover"
            },
            {
              "resourceURI": "http://gateway.marvel.com/v1/public/stories/54194",
              "name": "Amazing Spider-Man (1999) #611 - Int",
              "type": "interiorStory"
            },
            {
              "resourceURI": "http://gateway.marvel.com/v1/public/stories/69436",
              "name": "Amazing Spider-Man (1999) #630",
              "type": "cover"
            },
            {
              "resourceURI": "http://gateway.marvel.com/v1/public/stories/69444",
              "name": "Amazing Spider-Man (1999) #634",
              "type": "cover"
            },
            {
              "resourceURI": "http://gateway.marvel.com/v1/public/stories/94838",
              "name": "Amazing Spider-Man (1999) #2",
              "type": "cover"
            },
            {
              "resourceURI": "http://gateway.marvel.com/v1/public/stories/94843",
              "name": "Amazing Spider-Man (1999) #5",
              "type": "cover"
            },
            {
              "resourceURI": "http://gateway.marvel.com/v1/public/stories/94906",
              "name": "Amazing Spider-Man (1999) #6",
              "type": "cover"
            },
            {
              "resourceURI": "http://gateway.marvel.com/v1/public/stories/106636",
              "name": "cover from The Contest II #2",
              "type": "cover"
            },
            {
              "resourceURI": "http://gateway.marvel.com/v1/public/stories/113165",
              "name": "Amazing Spider-Man (1999) #14",
              "type": "cover"
            },
            {
              "resourceURI": "http://gateway.marvel.com/v1/public/stories/132553",
              "name": "cover from Silk (2015) #17",
              "type": "cover"
            },
            {
              "resourceURI": "http://gateway.marvel.com/v1/public/stories/134815",
              "name": "cover from Silk (2017)",
              "type": "cover"
            }
          ],
          "returned": 16
        },
        "events": {
          "available": 1,
          "collectionURI": "http://gateway.marvel.com/v1/public/characters/1010794/events",
          "items": [
            {
              "resourceURI": "http://gateway.marvel.com/v1/public/events/332",
              "name": "Dead No More: The Clone Conspiracy"
            }
          ],
          "returned": 1
        },
        "urls": [
          {
            "type": "detail",
            "url": "http://marvel.com/comics/characters/1010794/spider-woman_mattie_franklin?utm_campaign=apiRef&utm_source=6b9027442105cbeb1f7fcc26400eec8f"
          },
          {
            "type": "wiki",
            "url": "http://marvel.com/universe/Spider-Woman_%28Mattie_Franklin%29?utm_campaign=apiRef&utm_source=6b9027442105cbeb1f7fcc26400eec8f"
          },
          {
            "type": "comiclink",
            "url": "http://marvel.com/comics/characters/1010794/spider-woman_mattie_franklin?utm_campaign=apiRef&utm_source=6b9027442105cbeb1f7fcc26400eec8f"
          }
        ]
      }
    ]
  }
}
